<?xml version="1.0" encoding="UTF-8"?>
<metadata modelVersion="1.1.0">
  <groupId>org.springframework.data</groupId>
  <artifactId>spring-data-rest-hal-explorer</artifactId>
  <version>3.2.0.BUILD-SNAPSHOT</version>
  <versioning>
    <snapshot>
      <timestamp>20190930.152855</timestamp>
      <buildNumber>1177</buildNumber>
    </snapshot>
    <lastUpdated>20190930152929</lastUpdated>
    <snapshotVersions>
      <snapshotVersion>
        <classifier>sources</classifier>
        <extension>jar</extension>
        <value>3.2.0.BUILD-20190930.152855-1177</value>
        <updated>20190930152855</updated>
      </snapshotVersion>
      <snapshotVersion>
        <extension>jar</extension>
        <value>3.2.0.BUILD-20190930.152855-1177</value>
        <updated>20190930152855</updated>
      </snapshotVersion>
      <snapshotVersion>
        <extension>pom</extension>
        <value>3.2.0.BUILD-20190930.152855-1177</value>
        <updated>20190930152855</updated>
      </snapshotVersion>
    </snapshotVersions>
  </versioning>
</metadata>
