<?xml version="1.0" encoding="UTF-8"?>
<metadata modelVersion="1.1.0">
  <groupId>io.springfox</groupId>
  <artifactId>springfox-spring-web</artifactId>
  <version>3.0.0-SNAPSHOT</version>
  <versioning>
    <snapshot>
      <timestamp>20200714.030224</timestamp>
      <buildNumber>111</buildNumber>
    </snapshot>
    <lastUpdated>20200714030225</lastUpdated>
    <snapshotVersions>
      <snapshotVersion>
        <classifier>javadoc</classifier>
        <extension>jar</extension>
        <value>3.0.0-20200713.230257-110</value>
        <updated>20200713230257</updated>
      </snapshotVersion>
      <snapshotVersion>
        <classifier>sources</classifier>
        <extension>jar</extension>
        <value>3.0.0-20200713.230257-110</value>
        <updated>20200713230257</updated>
      </snapshotVersion>
      <snapshotVersion>
        <extension>jar</extension>
        <value>3.0.0-20200714.030224-111</value>
        <updated>20200714030224</updated>
      </snapshotVersion>
      <snapshotVersion>
        <extension>pom</extension>
        <value>3.0.0-20200714.030224-111</value>
        <updated>20200714030224</updated>
      </snapshotVersion>
      <snapshotVersion>
        <extension>module</extension>
        <value>3.0.0-20200714.030224-111</value>
        <updated>20200714030224</updated>
      </snapshotVersion>
    </snapshotVersions>
  </versioning>
</metadata>
