<?xml version="1.0" encoding="UTF-8"?>
<metadata modelVersion="1.1.0">
  <groupId>io.springfox</groupId>
  <artifactId>springfox-data-rest</artifactId>
  <version>3.0.0-SNAPSHOT</version>
  <versioning>
    <snapshot>
      <timestamp>20200714.030222</timestamp>
      <buildNumber>112</buildNumber>
    </snapshot>
    <lastUpdated>20200714030222</lastUpdated>
    <snapshotVersions>
      <snapshotVersion>
        <classifier>javadoc</classifier>
        <extension>jar</extension>
        <value>3.0.0-20200713.230254-111</value>
        <updated>20200713230254</updated>
      </snapshotVersion>
      <snapshotVersion>
        <classifier>sources</classifier>
        <extension>jar</extension>
        <value>3.0.0-20200713.230254-111</value>
        <updated>20200713230254</updated>
      </snapshotVersion>
      <snapshotVersion>
        <extension>jar</extension>
        <value>3.0.0-20200714.030222-112</value>
        <updated>20200714030222</updated>
      </snapshotVersion>
      <snapshotVersion>
        <extension>pom</extension>
        <value>3.0.0-20200714.030222-112</value>
        <updated>20200714030222</updated>
      </snapshotVersion>
      <snapshotVersion>
        <extension>module</extension>
        <value>3.0.0-20200714.030222-112</value>
        <updated>20200714030222</updated>
      </snapshotVersion>
    </snapshotVersions>
  </versioning>
</metadata>
